{"bankBalance": 319.4608155541737, "btcBalance": 0.1759808652040654, "ethBalance": 0.7837178230805659}